{
  "regrowth:rgroot/saferhedges": {
    "criteria": {
      "inv_changed-minecraft:oak_leaves": "2024-08-04 13:27:27 -0600"
    },
    "done": true
  },
  "farmersdelight:main/root": {
    "criteria": {
      "seeds": "2024-08-04 13:27:27 -0600"
    },
    "done": true
  },
  "betterdungeons:root": {
    "criteria": {
      "always": "2024-08-04 13:29:17 -0600"
    },
    "done": true
  },
  "regrowth:rgroot/rgroot": {
    "criteria": {
      "has_cobblestone": "2024-08-04 13:27:27 -0600"
    },
    "done": true
  },
  "regrowth:rgroot/teardown": {
    "criteria": {
      "inv_changed-minecraft:cobblestone_wall": "2024-08-04 13:27:27 -0600"
    },
    "done": true
  },
  "ags_day_counter:day_counter_root_advancement": {
    "criteria": {
      "day_counter_root_advancement": "2024-08-04 13:29:17 -0600"
    },
    "done": true
  },
  "DataVersion": 3120
}